{
    "assets/satellite.jpg": {
        "position": {
            "x": -0.027770692876108144,
            "y": -0.1,
            "z": 0.12481649562676353
        },
        "scale": {
            "x": 1.8364894593501226,
            "y": 1.8364894593501226,
            "z": 1.8364894593501226
        },
        "rotationAngle": 0
    },
    "assets/A0-plan.png": {
        "position": {
            "x": -0.043528055028493565,
            "y": 0.0005,
            "z": -0.006506897586750271
        },
        "scale": {
            "x": 0.6646153863109113,
            "y": 0.6646153863109113,
            "z": 0.6646153863109113
        },
        "rotationAngle": -26
    },
    "assets/A1-plan.png": {
        "position": {
            "x": -0.038313076962637554,
            "y": 0.101,
            "z": 0.01318297376769019
        },
        "scale": {
            "x": 0.642576923975672,
            "y": 0.642576923975672,
            "z": 0.642576923975672
        },
        "rotationAngle": -26
    },
    "assets/B0-plan.png": {
        "position": {
            "x": 0.2920639641107001,
            "y": 0.0015,
            "z": 0.11503150900710779
        },
        "scale": {
            "x": 0.33869157887925555,
            "y": 0.33869157887925555,
            "z": 0.33869157887925555
        },
        "rotationAngle": -24
    },
    "assets/B1-plan.png": {
        "position": {
            "x": 0.3011637419151547,
            "y": 0.10200000000000001,
            "z": 0.11120595897067773
        },
        "scale": {
            "x": 0.2698297347024006,
            "y": 0.2698297347024006,
            "z": 0.2698297347024006
        },
        "rotationAngle": -24
    },
    "assets/C0-plan.png": {
        "position": {
            "x": -0.09652834740137667,
            "y": 0.0025,
            "z": 0.3102278429893854
        },
        "scale": {
            "x": 0.4795820628653576,
            "y": 0.4795820628653576,
            "z": 0.4795820628653576
        },
        "rotationAngle": -2
    },
    "assets/C1-plan.png": {
        "position": {
            "x": -0.09831540324742011,
            "y": 0.10300000000000001,
            "z": 0.30792087520650485
        },
        "scale": {
            "x": 0.4706187203033408,
            "y": 0.4706187203033408,
            "z": 0.4706187203033408
        },
        "rotationAngle": -2
    },
    "assets/C2-plan.png": {
        "position": {
            "x": -0.11833698439209914,
            "y": 0.20350000000000001,
            "z": 0.3423825110953445
        },
        "scale": {
            "x": 0.46327352868106797,
            "y": 0.46327352868106797,
            "z": 0.46327352868106797
        },
        "rotationAngle": -2
    }
}