{"UI":"","Show Schedule":false,"Animate cells":true,"Agent speed":0.0684095982142857,"Agent count":100,"Time speed":0,"Look":"","Cell Edge Width":1.158608969155844,"BgColor":{"r":0.6922777299654769,"g":0.7579754285575929,"b":0.4181609350787706,"a":1},"Cell":{"r":0.30812265258109706,"g":0.6907612759903315,"b":0.3910872161185904,"a":1},"Cell Center":{"r":0.5381830750740323,"g":0.7833364740514217,"b":0.512625376597929,"a":1},"Cell Edge":{"r":0.37203226461038963,"g":0.37203226461038963,"b":0.37203226461038963,"a":1},"Classroom":{"r":0.8491774777936618,"g":0.8096560204784995,"b":0.5719365644141303,"a":1},"Classroom Center":{"r":0.9813467538222067,"g":0.9717827882091663,"b":0.9528557624115594,"a":1},"Classroom Edge":{"r":0.8029576502796931,"g":0.5654666092862334,"b":0.4583045250449822,"a":1},"Other room":{"r":0.5835576307918693,"g":0.34741370113769765,"b":0.8611394644467179,"a":1},"Other room Center":{"r":0.8567948877801381,"g":0.6804413135185632,"b":0.7802843476479857,"a":1},"Other room Edge":{"r":0.197383540258538,"g":0.44603860395851713,"b":0.8915470603908127,"a":1},"Toilet":{"r":0.07652173337455481,"g":0.3962414321263296,"b":0.8186690133786919,"a":1},"Toilet Center":{"r":0.05413322429428591,"g":0.7382479242989551,"b":0.7762746490823375,"a":1},"Toilet Edge":{"r":0.44808134354674856,"g":0.8185075363233814,"b":0.73197077608919,"a":1},"Corridor":{"r":0.5502971141530161,"g":0.4552831858955913,"b":0.3091286163664645,"a":1},"SPL - Sygeplejerskeu":{"r":1,"g":0,"b":0,"a":1},"PMU - Psykomotorikud":{"r":1,"g":0.6000000000000001,"b":0,"a":1},"FYS - Fysioterapeutu":{"r":0,"g":1,"b":0.40000000000000024,"a":1},"PÆD - Pædagoguddanne":{"r":0,"g":0.3999999999999999,"b":1,"a":1},"SOC - Socialrådgiver":{"r":0.7999999999999998,"g":1,"b":0,"a":1},"DIV - Diverse aktivi":{"r":1,"g":0,"b":0.5999999999999999,"a":1},"Diplom S - Diplomudd":{"r":0.49999999999999956,"g":0,"b":1,"a":1},"Diplom L - Diplomudd":{"r":0.49999999999999956,"g":0,"b":1,"a":1}}