{"UI":"","Show Schedule":false,"Animate cells":true,"Agent speed":0.034282924107142856,"Agent count":100,"Time speed":0,"Look":"","Cell Edge Width":1.7707614650974026,"BgColor":{"r":0.8963328660851407,"g":0.655771783287239,"b":0.2662584488499241,"a":1},"Cell":{"r":0.18787248919958777,"g":0.8099968289822305,"b":0.45077304471853125,"a":1},"Cell Center":{"r":0.3438360787177893,"g":0.8506647329705225,"b":0.7084277141329558,"a":1},"Cell Edge":{"r":0.42614641659272884,"g":0.10527327716561674,"b":0.853888654652565,"a":1},"Classroom":{"r":0.33963485415073197,"g":0.7705294885247727,"b":0.15814340108561697,"a":1},"Classroom Center":{"r":0.4458332566664029,"g":0.8507465125135553,"b":0.21718165307086024,"a":1},"Classroom Edge":{"r":0.49619130071533857,"g":0.46204406202975457,"b":0.8974323990092066,"a":1},"Other room":{"r":0.5219839152053962,"g":0.38572924365119077,"b":0.6821481914137444,"a":1},"Other room Center":{"r":0.6609162816836671,"g":0.5807198537182177,"b":0.8039696755025616,"a":1},"Other room Edge":{"r":0.15054674256328426,"g":0.3168839505244966,"b":0.8852182736704819,"a":1},"Toilet":{"r":0.15270163088428734,"g":0.33695834334897967,"b":0.8700763723624659,"a":1},"Toilet Center":{"r":0.05413322429428591,"g":0.7382479242989551,"b":0.7762746490823375,"a":1},"Toilet Edge":{"r":0.44808134354674856,"g":0.8185075363233814,"b":0.73197077608919,"a":1},"Social Energy":{"r":0.8852708848376443,"g":0.03493000801949864,"b":0.5947780142769,"a":1},"Knowledge Energy":{"r":0,"g":0.514255275974026,"b":0.1937588237956117,"a":1},"Economic Energy":{"r":0,"g":0.5342938311688312,"b":1,"a":1},"Dirt Energy":{"r":0.7200000000000001,"g":0.4640000000000001,"b":0.07999999999999996,"a":1},"Corridor":{"r":0.6236777560548851,"g":0.33847727641264735,"b":0.5212561755258975,"a":1},"SPL - Sygeplejerskeu":{"r":1,"g":0,"b":0,"a":1},"PMU - Psykomotorikud":{"r":1,"g":0.6000000000000001,"b":0,"a":1},"FYS - Fysioterapeutu":{"r":0,"g":1,"b":0.40000000000000024,"a":1},"PÆD - Pædagoguddanne":{"r":0,"g":0.3999999999999999,"b":1,"a":1},"SOC - Socialrådgiver":{"r":0.7999999999999998,"g":1,"b":0,"a":1},"DIV - Diverse aktivi":{"r":1,"g":0,"b":0.5999999999999999,"a":1},"Diplom S - Diplomudd":{"r":0.49999999999999956,"g":0,"b":1,"a":1},"Diplom L - Diplomudd":{"r":0.49999999999999956,"g":0,"b":1,"a":1}}