{
    "UI": "",
    "Show Schedule": false,
    "Animate cells": true,
    "Agent speed": 0.010584415584415585,
    "Agent count": 100,
    "Global Colors": "",
    "Cell Edge Width": 1.7530691964285716,
    "BgColor": {
        "r": 0.09,
        "g": 0.09,
        "b": 0.09,
        "a": 1
    },
    "Corridor": {
        "r": 0.1,
        "g": 0.1,
        "b": 0.1,
        "a": 1
    },
    "Cell": {
        "r": 0.066666,
        "g": 0.188627451,
        "b": 0.1611764706,
        "a": 1
    },
    "Cell Center": {
        "r": 0.07,
        "g": 0.125,
        "b": 0.125,
        "a": 1
    },
    "Cell Edge": {
        "r": 0.05,
        "g": 0.05,
        "b": 0.05,
        "a": 1
    },
    "Room colors": "",
    "Classroom": {
        "r": 0.166666,
        "g": 0.188627451,
        "b": 0.1611764706,
        "a": 1
    },
    "Classroom Center": {
        "r": 0.17,
        "g": 0.125,
        "b": 0.125,
        "a": 1
    },
    "Classroom Edge": {
        "r": 1.0,
        "g": 0.3,
        "b": 0.3,
        "a": 1
    },
    "Other room": {
        "r": 0.066666,
        "g": 0.188627451,
        "b": 0.1611764706,
        "a": 1
    },
    "Other room Center": {
        "r": 0.066666,
        "g": 0.188627451,
        "b": 0.1611764706,
        "a": 1
    },
    "Other room Edge": {
        "r": 0.15054674256328426,
        "g": 0.3168839505244966,
        "b": 0.8852182736704819,
        "a": 1
    },
    "Toilet": {
        "r": 0.066666,
        "g": 0.188627451,
        "b": 0.1611764706,
        "a": 1
    },
    "Toilet Center": {
        "r": 0.066666,
        "g": 0.188627451,
        "b": 0.1611764706,
        "a": 1
    },
    "Toilet Edge": {
        "r": 0.11756774727339953,
        "g": 0.35752356766166543,
        "b": 0.30146651850947614,
        "a": 1
    },
    "Exit": {
        "r": 0.1,
        "g": 0.1,
        "b": 0.1,
        "a": 1
    },
    "Exit Center": {
        "r": 0,
        "g": 0,
        "b": 0,
        "a": 1
    },
    "Exit Edge": {
        "r": 0.0,
        "g": 0.0,
        "b": 0.0,
        "a": 1
    },
    "Energy colors": "",
    "Social Energy": {
        "r": 1.0,
        "g": 1.0,
        "b": 0.3,
        "a": 1
    },
    "Knowledge Energy": {
        "r": 1.0,
        "g": 0.3,
        "b": 0.3,
        "a": 1
    },
    "Economic Energy": {
        "r": 0.2,
        "g": 0.4,
        "b": 1,
        "a": 1
    },
    "Dirt Energy": {
        "r": 0.2,
        "g": 0.2,
        "b": 0.2,
        "a": 1
    },
    "Programme colors": "",
    "SPL - Sygeplejerskeu": {
        "r": 1,
        "g": 0,
        "b": 0,
        "a": 1
    },
    "PMU - Psykomotorikud": {
        "r": 1,
        "g": 0.6000000000000001,
        "b": 0,
        "a": 1
    },
    "FYS - Fysioterapeutu": {
        "r": 0,
        "g": 1,
        "b": 0.40000000000000024,
        "a": 1
    },
    "PÆD - Pædagoguddanne": {
        "r": 0,
        "g": 0.3999999999999999,
        "b": 1,
        "a": 1
    },
    "SOC - Socialrådgiver": {
        "r": 0.7999999999999998,
        "g": 1,
        "b": 0,
        "a": 1
    },
    "DIV - Diverse aktivi": {
        "r": 1,
        "g": 0,
        "b": 0.5999999999999999,
        "a": 1
    },
    "Diplom S - Diplomudd": {
        "r": 0.49999999999999956,
        "g": 0,
        "b": 1,
        "a": 1
    },
    "Diplom L - Diplomudd": {
        "r": 0.49999999999999956,
        "g": 0,
        "b": 1,
        "a": 1
    }
}