{"UI":"","Show Schedule":false,"Animate cells":true,"Agent speed":0,"Agent count":100,"Time speed":0,"Look":"","Cell Edge Width":1.158608969155844,"BgColor":{"r":0.07950098684654813,"g":0.08371092099470982,"b":0.1377778280885168,"a":1},"Cell":{"r":0.16068140110877263,"g":0.16848146912376158,"b":0.2340020404496689,"a":1},"Cell Center":{"r":0.2061389543016272,"g":0.2161456996560751,"b":0.30020236063343775,"a":1},"Cell Edge":{"r":0.40518469506509747,"g":0.3259573891585503,"b":0.4091785686336574,"a":1},"Classroom":{"r":0.10688704402033766,"g":0.25664785857706496,"b":0.10703899289874352,"a":1},"Classroom Center":{"r":0.08835704943083816,"g":0.3409753369327982,"b":0.11687144115627758,"a":1},"Classroom Edge":{"r":0.5981885472846323,"g":0.571005606456877,"b":0.3821280111569261,"a":1},"Other room":{"r":0.14828530792689354,"g":0.08459297395070181,"b":0.23298007799735015,"a":1},"Other room Center":{"r":0.13603634704806028,"g":0.20501823568247562,"b":0.2993329711337579,"a":1},"Other room Edge":{"r":0.3865926693977285,"g":0.4608197160409377,"b":0.7023379312516221,"a":1},"Toilet":{"r":0.14828530792689354,"g":0.08459297395070181,"b":0.23298007799735015,"a":1},"Toilet Center":{"r":0.00034430007304048216,"g":0.3835402926022466,"b":0.40484035901786863,"a":1},"Toilet Edge":{"r":0.44808134354674856,"g":0.8185075363233814,"b":0.73197077608919,"a":1},"Corridor":{"r":0.34453145961854764,"g":0.3063292389906747,"b":0.2674307968749588,"a":1},"SPL - Sygeplejerskeu":{"r":1,"g":0,"b":0,"a":1},"PMU - Psykomotorikud":{"r":1,"g":0.6000000000000001,"b":0,"a":1},"FYS - Fysioterapeutu":{"r":0,"g":1,"b":0.40000000000000024,"a":1},"PÆD - Pædagoguddanne":{"r":0,"g":0.3999999999999999,"b":1,"a":1},"SOC - Socialrådgiver":{"r":0.7999999999999998,"g":1,"b":0,"a":1},"DIV - Diverse aktivi":{"r":1,"g":0,"b":0.5999999999999999,"a":1},"Diplom S - Diplomudd":{"r":0.49999999999999956,"g":0,"b":1,"a":1},"Diplom L - Diplomudd":{"r":0.49999999999999956,"g":0,"b":1,"a":1}}