{
    "UI": "",
    "Show Schedule": false,
    "Animate cells": true,
    "Agent speed": 0.010584415584415585,
    "Agent count": 100,
    "Time speed": 0,
    "Global Colors": "",
    "Cell Edge Width": 1.7530691964285716,
    "BgColor": {
        "r": 0.05,
        "g": 0.05,
        "b": 0.05,
        "a": 1
    },
    "Corridor": {
        "r": 0.6236777560548851,
        "g": 0.33847727641264735,
        "b": 0.5212561755258975,
        "a": 1
    },
    "Cell": {
        "r": 0.066666,
        "g": 0.188627451,
        "b": 0.1611764706,
        "a": 1
    },
    "Cell Center": {
        "r": 0.07,
        "g": 0.125,
        "b": 0.125,
        "a": 1
    },
    "Cell Edge": {
        "r": 0.05,
        "g": 0.05,
        "b": 0.05,
        "a": 1
    },
    "Room colors": "",
    "Classroom": {
        "r": 0.2156862745,
        "g": 0.7607843137,
        "b": 0.4784313725,
        "a": 1
    },
    "Classroom Center": {
        "r": 0.262745098,
        "g": 0.6196078431,
        "b": 0.3882352941,
        "a": 1
    },
    "Classroom Edge": {
        "r": 0.05,
        "g": 0.05,
        "b": 0.05,
        "a": 1
    },
    "Other room": {
        "r": 0.5219839152053962,
        "g": 0.38572924365119077,
        "b": 0.6821481914137444,
        "a": 1
    },
    "Other room Center": {
        "r": 0.6609162816836671,
        "g": 0.5807198537182177,
        "b": 0.8039696755025616,
        "a": 1
    },
    "Other room Edge": {
        "r": 0.15054674256328426,
        "g": 0.3168839505244966,
        "b": 0.8852182736704819,
        "a": 1
    },
    "Toilet": {
        "r": 0.24988098453361518,
        "g": 0.3842169312184225,
        "b": 0.7728970187131381,
        "a": 1
    },
    "Toilet Center": {
        "r": 0.19335250288303352,
        "g": 0.6136907409998916,
        "b": 0.6370553704935898,
        "a": 1
    },
    "Toilet Edge": {
        "r": 0.11756774727339953,
        "g": 0.35752356766166543,
        "b": 0.30146651850947614,
        "a": 1
    },
    "Exit": {
        "r": 0.1,
        "g": 0.1,
        "b": 0.1,
        "a": 1
    },
    "Exit Center": {
        "r": 0,
        "g": 0,
        "b": 0,
        "a": 1
    },
    "Exit Edge": {
        "r": 0.0,
        "g": 0.0,
        "b": 0.0,
        "a": 1
    },
    "Energy colors": "",
    "Social Energy": {
        "r": 0.8852708848376443,
        "g": 0.03493000801949864,
        "b": 0.5947780142769,
        "a": 1
    },
    "Knowledge Energy": {
        "r": 0,
        "g": 0.514255275974026,
        "b": 0.1937588237956117,
        "a": 1
    },
    "Economic Energy": {
        "r": 0,
        "g": 0.5342938311688312,
        "b": 1,
        "a": 1
    },
    "Dirt Energy": {
        "r": 0.7200000000000001,
        "g": 0.4640000000000001,
        "b": 0.07999999999999996,
        "a": 1
    },
    "Programme colors": "",
    "SPL - Sygeplejerskeu": {
        "r": 1,
        "g": 0,
        "b": 0,
        "a": 1
    },
    "PMU - Psykomotorikud": {
        "r": 1,
        "g": 0.6000000000000001,
        "b": 0,
        "a": 1
    },
    "FYS - Fysioterapeutu": {
        "r": 0,
        "g": 1,
        "b": 0.40000000000000024,
        "a": 1
    },
    "PÆD - Pædagoguddanne": {
        "r": 0,
        "g": 0.3999999999999999,
        "b": 1,
        "a": 1
    },
    "SOC - Socialrådgiver": {
        "r": 0.7999999999999998,
        "g": 1,
        "b": 0,
        "a": 1
    },
    "DIV - Diverse aktivi": {
        "r": 1,
        "g": 0,
        "b": 0.5999999999999999,
        "a": 1
    },
    "Diplom S - Diplomudd": {
        "r": 0.49999999999999956,
        "g": 0,
        "b": 1,
        "a": 1
    },
    "Diplom L - Diplomudd": {
        "r": 0.49999999999999956,
        "g": 0,
        "b": 1,
        "a": 1
    }
}